"gene","coef","pVal","Std.error","pVal_adj","qVal"
"TP53",4.10041995328488,1.56328862050398e-63,0.243689710570515,4.76803029253714e-61,4.76803029253714e-61
"KRAS",5.70528213610267,1.78501639704551e-18,0.650537583197818,2.7221500054944e-16,2.7221500054944e-16
"MUC1",1.49054874442213,0.00101388473071981,0.453516772852489,0.103078280956514,0.103078280956514
"MAP2K4",1.68540866534435,0.00244101680362347,0.556137925730276,0.18612753127629,0.18612753127629
"ACVR1B",1.5555239817319,0.00416397419198707,0.542852218012663,0.254002425711211,0.254002425711211
"ARID2",1.33993705333176,0.0102407740826139,0.521865344383349,0.42075186333565,0.42075186333565
"PDE4DIP",0.876187462586667,0.0110361144481482,0.344744881567454,0.42075186333565,0.42075186333565
"PTEN",1.5452302272665,0.0107306204299657,0.605651767804724,0.42075186333565,0.42075186333565
"TCF7L2",1.10873839310709,0.0155035139780479,0.458080960946281,0.525396862589401,0.525396862589401
"CPEB3",1.50718687698995,0.0197377674218843,0.646501776186875,0.547274460334065,0.547274460334065
"FANCA",0.92731268461716,0.0181772798048202,0.392598556293817,0.547274460334065,0.547274460334065
"CREBBP",-2.33549685931574,0.023910761365154,1.03406451156331,0.607731851364331,0.607731851364331
"CDKN1B",2.08698592805204,0.0299636433197265,0.961491825143611,0.652779372322613,0.652779372322613
"NCOA4",1.09149963526448,0.0286433559205032,0.498775066647291,0.652779372322613,0.652779372322613
"A1CF",0.5323437984737,0.276645485907642,0.489337901509498,0.991230417748256,0.991230417748256
"ABI1",-0.493560478251654,0.529209266312392,0.784408547559236,0.991230417748256,0.991230417748256
"ABL2",0.0268714149756088,0.955350173353319,0.479936700543935,0.991230417748256,0.991230417748256
"AJUBA",-0.573888662746238,0.468858734493486,0.792294873494526,0.991230417748256,0.991230417748256
"AKT1",0.91612172270086,0.133700304740774,0.610882837032594,0.991230417748256,0.991230417748256
"AKT3",-0.375004209156398,0.53143843739879,0.599228476362503,0.991230417748256,0.991230417748256
"ALDH2",-0.365104688391155,0.648549498485095,0.801057854057331,0.991230417748256,0.991230417748256
"ARHGAP5",0.115061517726012,0.837231934148029,0.560086020818149,0.991230417748256,0.991230417748256
"ARHGEF10L",-1.51996388494362,0.0871594493958363,0.888568565249811,0.991230417748256,0.991230417748256
"ARHGEF12",0.0989689091779812,0.806881955354459,0.404862825451654,0.991230417748256,0.991230417748256
"ARID1A",-0.217913520942385,0.609984914558048,0.427201844699002,0.991230417748256,0.991230417748256
"ARID5B",-0.374405470153229,0.531986709120496,0.599071609354019,0.991230417748256,0.991230417748256
"ARNT",0.0122926880948226,0.981945290115003,0.543199475597921,0.991230417748256,0.991230417748256
"ATF1",-0.272986550703853,0.739945561553639,0.822433352302427,0.991230417748256,0.991230417748256
"ATF7IP",-0.243714845139764,0.689872112851415,0.610770331163562,0.991230417748256,0.991230417748256
"ATM",-0.018215461832722,0.960846458155216,0.371052004897337,0.991230417748256,0.991230417748256
"ATP1A1",0.018574641430697,0.972803940460534,0.544841772266554,0.991230417748256,0.991230417748256
"ATXN3",-0.169679855941448,0.843403557200162,0.858956622479723,0.991230417748256,0.991230417748256
"AXIN1",0.012552608841389,0.981560412908822,0.543105499424411,0.991230417748256,0.991230417748256
"B2M",-0.108989157098263,0.902256489554368,0.887451858017283,0.991230417748256,0.991230417748256
"BAZ1A",-0.270654487658086,0.655864347504894,0.607352128055107,0.991230417748256,0.991230417748256
"BCL10",0.351441592013355,0.643624702113273,0.75964896540992,0.991230417748256,0.991230417748256
"BCL11B",0.0385876992387248,0.940335144262873,0.515543117709381,0.991230417748256,0.991230417748256
"BCL7A",0.453552629012749,0.57041170076748,0.799288765386928,0.991230417748256,0.991230417748256
"BCL9",0.451670134254529,0.328270827823557,0.46201805994875,0.991230417748256,0.991230417748256
"BCL9L",0.861037431653022,0.110311353076045,0.539228449437928,0.991230417748256,0.991230417748256
"BIRC3",-0.592259113246502,0.448331708146935,0.781139140701656,0.991230417748256,0.991230417748256
"BLM",0.101004709809099,0.836368334306062,0.489029806058608,0.991230417748256,0.991230417748256
"BMPR1A",0.586468794805307,0.373771432622255,0.659375177505457,0.991230417748256,0.991230417748256
"BRCA1",-0.27004789353066,0.656433177828973,0.60706330214154,0.991230417748256,0.991230417748256
"BRCA2",-0.148065713335522,0.711558015918734,0.400432542670643,0.991230417748256,0.991230417748256
"BRD7",0.152812291362663,0.825201410251739,0.691896503039642,0.991230417748256,0.991230417748256
"BTG1",-0.304180027220886,0.710178957508835,0.818533723572047,0.991230417748256,0.991230417748256
"BTG2",-0.159385700357936,0.854388727787676,0.868484424507301,0.991230417748256,0.991230417748256
"BUB1B",0.361640381849596,0.492526614923274,0.526945373820798,0.991230417748256,0.991230417748256
"C15orf65",0.453344271915365,0.570385852733154,0.798868005762381,0.991230417748256,0.991230417748256
"CAMTA1",-0.0465786259058243,0.959913666676854,0.926717948679306,0.991230417748256,0.991230417748256
"CARS",-0.534387532134112,0.494215728172846,0.781703643970625,0.991230417748256,0.991230417748256
"CASP9",1.0299597280392,0.10073462091517,0.627525808399036,0.991230417748256,0.991230417748256
"CBFA2T3",0.4548524056731,0.343067796636135,0.479740821307144,0.991230417748256,0.991230417748256
"CBFB",0.353134574743464,0.648420113943915,0.774489104233256,0.991230417748256,0.991230417748256
"CBL",0.165441629675253,0.770958139960351,0.568290004672295,0.991230417748256,0.991230417748256
"CCDC6",0.208380995424783,0.768920264818816,0.709291492991332,0.991230417748256,0.991230417748256
"CCNB1IP1",0.349442396018184,0.645549110332771,0.759733060460333,0.991230417748256,0.991230417748256
"CCND1",-0.22344834002983,0.78980021154644,0.838234951572241,0.991230417748256,0.991230417748256
"CCND2",-0.171494724719328,0.841724230374616,0.858811343429593,0.991230417748256,0.991230417748256
"CCR7",-0.0192805471024185,0.976216650293765,0.64672859663635,0.991230417748256,0.991230417748256
"CDC73",-0.185316084790176,0.763957499112036,0.617127875956584,0.991230417748256,0.991230417748256
"CDH1",0.748876645837087,0.108361717533823,0.466415306950485,0.991230417748256,0.991230417748256
"CDH11",0.334765559525546,0.436898042714796,0.430598759361267,0.991230417748256,0.991230417748256
"CDK12",0.357576628411475,0.462716100444227,0.486908373820967,0.991230417748256,0.991230417748256
"CDK4",0.587969504175515,0.372658811683389,0.659525320378531,0.991230417748256,0.991230417748256
"CDKN2C",0.452800813507077,0.570882695079682,0.798939966512459,0.991230417748256,0.991230417748256
"CDX2",-0.222212193238185,0.791026277810059,0.838605656667647,0.991230417748256,0.991230417748256
"CHD2",-0.15953158836157,0.730539790547442,0.463205801733789,0.991230417748256,0.991230417748256
"CHD3",0.0580456175594181,0.906743155447908,0.495491657171707,0.991230417748256,0.991230417748256
"CHD4",0.180093856149977,0.695329438315002,0.459853687488005,0.991230417748256,0.991230417748256
"CHD8",0.0659464251283369,0.823250699183409,0.295239376190627,0.991230417748256,0.991230417748256
"CHST11",-0.409234649014944,0.605657094400082,0.792656391482001,0.991230417748256,0.991230417748256
"CIITA",-0.466508682161189,0.441272302591131,0.60581883656409,0.991230417748256,0.991230417748256
"CLIP1",-0.199977749306592,0.700427158734047,0.519768458287791,0.991230417748256,0.991230417748256
"CLP1",0.0579310482753198,0.930619628048749,0.665374905119563,0.991230417748256,0.991230417748256
"COL2A1",-1.14962262648861,0.176311746947262,0.850187619023001,0.991230417748256,0.991230417748256
"CREB3L1",0.493666553804852,0.365008391004495,0.544968251339459,0.991230417748256,0.991230417748256
"CRTC3",0.42096437035718,0.376228865177442,0.475737945580272,0.991230417748256,0.991230417748256
"CSDE1",0.0700703237705708,0.898962266031506,0.551854888181585,0.991230417748256,0.991230417748256
"CSF3R",-1.07189786319192,0.190352009253711,0.818531011404859,0.991230417748256,0.991230417748256
"CTCF",0.614833905805553,0.218353204084867,0.499491813704981,0.991230417748256,0.991230417748256
"CTNND1",-0.616894833275937,0.429182872624626,0.780296086648492,0.991230417748256,0.991230417748256
"CYLD",0.404573938086181,0.445989424068266,0.530854537944615,0.991230417748256,0.991230417748256
"CYP2C8",0.103233084224757,0.878865269430838,0.677347572115377,0.991230417748256,0.991230417748256
"CYSLTR2",0.285218024467785,0.629847901974174,0.591811155232802,0.991230417748256,0.991230417748256
"DACH1",-0.0403169259359723,0.940049396863642,0.536073896001087,0.991230417748256,0.991230417748256
"DDB2",-0.49399841085391,0.528947510846569,0.784605853081956,0.991230417748256,0.991230417748256
"DDIT3",1.19074560155269,0.131007309353116,0.788499330876163,0.991230417748256,0.991230417748256
"DDR2",-1.31111374242258,0.124558717978443,0.853635757775718,0.991230417748256,0.991230417748256
"DDX10",-0.156104454929562,0.801758605849818,0.621752268469021,0.991230417748256,0.991230417748256
"DDX6",0.240726042407613,0.67959691137393,0.582853084373432,0.991230417748256,0.991230417748256
"DHX9",0.330600422405255,0.47944410831672,0.467480004555527,0.991230417748256,0.991230417748256
"DICER1",-0.0285093749246095,0.947982751778234,0.436990897197005,0.991230417748256,0.991230417748256
"EED",-0.22372543081813,0.789678248056648,0.838776034720601,0.991230417748256,0.991230417748256
"ELF3",0.806670526974826,0.255113473810951,0.708838866026067,0.991230417748256,0.991230417748256
"ELK4",0.272291946328973,0.709604631272824,0.731206642037691,0.991230417748256,0.991230417748256
"EPHA2",-0.863501586174172,0.279054724872649,0.797732333724907,0.991230417748256,0.991230417748256
"EPS15",-0.0890953768568117,0.86657361608041,0.530290853244929,0.991230417748256,0.991230417748256
"ERBB2",0.217033661460805,0.635512707060263,0.457894262434228,0.991230417748256,0.991230417748256
"ERBB3",-0.53745226869798,0.492463046184882,0.783005432335769,0.991230417748256,0.991230417748256
"ERC1",0.0749679422320612,0.87708058988219,0.484692531558,0.991230417748256,0.991230417748256
"ERCC4",-0.184374552541083,0.765054609076696,0.616947103078232,0.991230417748256,0.991230417748256
"ERCC5",-0.1257098554561,0.812278771229474,0.529332961868801,0.991230417748256,0.991230417748256
"ETNK1",0.376491878546842,0.626264194748342,0.773097074940821,0.991230417748256,0.991230417748256
"ETV4",0.103278548146624,0.878810547988534,0.677337513993352,0.991230417748256,0.991230417748256
"ETV6",-0.575776540803178,0.460628490108034,0.780383446053448,0.991230417748256,0.991230417748256
"EXT2",0.131019207952978,0.815690113360991,0.562092710038783,0.991230417748256,0.991230417748256
"FAM46C",0.589543187525197,0.371391437521946,0.659540169459161,0.991230417748256,0.991230417748256
"FANCF",0.176353276147855,0.785115072499449,0.646789723482529,0.991230417748256,0.991230417748256
"FAS",1.19063100259175,0.131332259721139,0.789088377769649,0.991230417748256,0.991230417748256
"FAT3",0.698753987561323,0.0520161857673045,0.359626386653396,0.991230417748256,0.991230417748256
"FCRL4",-0.472188679396626,0.427729203894726,0.595383346775159,0.991230417748256,0.991230417748256
"FEN1",0.452229232398142,0.571492674378135,0.799196982720253,0.991230417748256,0.991230417748256
"FES",0.334225801816848,0.484034560969942,0.477582599474406,0.991230417748256,0.991230417748256
"FGFR2",0.493553481398919,0.365086302297456,0.544931960328257,0.991230417748256,0.991230417748256
"FH",-0.0571362806104997,0.928704496250426,0.638573244877672,0.991230417748256,0.991230417748256
"FLCN",0.603685668302977,0.283210075921083,0.562543458774204,0.991230417748256,0.991230417748256
"FLI1",-0.0153198158113683,0.977332376605333,0.539174300719421,0.991230417748256,0.991230417748256
"FLT3",-0.374494639008647,0.531934331669403,0.599137779043864,0.991230417748256,0.991230417748256
"FOXA1",0.554603038286982,0.345805829290976,0.588278580410077,0.991230417748256,0.991230417748256
"FOXO1",0.0594856343962028,0.928756394700484,0.66531596947319,0.991230417748256,0.991230417748256
"FOXR1",-0.223852361311604,0.789309366121025,0.837747153081943,0.991230417748256,0.991230417748256
"FUBP1",-0.52152657731549,0.506495525348886,0.785071725701292,0.991230417748256,0.991230417748256
"FUS",-0.433916954281293,0.585601547076813,0.795855210959491,0.991230417748256,0.991230417748256
"GAS7",0.365339869482559,0.486229290438454,0.524673387346921,0.991230417748256,0.991230417748256
"GLI1",0.653082292686138,0.126756238583235,0.427684403198081,0.991230417748256,0.991230417748256
"GOLGA5",0.241164593055974,0.679102065737696,0.582961446116667,0.991230417748256,0.991230417748256
"GPC5",-0.279428032492281,0.586707936129104,0.514020314411332,0.991230417748256,0.991230417748256
"GPS2",-0.365145854515579,0.648340326934929,0.800637219874191,0.991230417748256,0.991230417748256
"GRIN2A",0.580804723650147,0.0548013677975096,0.302431933142737,0.991230417748256,0.991230417748256
"HERPUD1",0.272230931048089,0.709535543309696,0.730860645980758,0.991230417748256,0.991230417748256
"HIF1A",0.441284780776297,0.480698949249429,0.625777118083752,0.991230417748256,0.991230417748256
"HMGA2",-0.369145121166922,0.646615554770737,0.80516926953516,0.991230417748256,0.991230417748256
"HNF1A",0.60339760557754,0.283345253988335,0.562432928420389,0.991230417748256,0.991230417748256
"HOXC11",-0.123654687921968,0.843511903533799,0.626406209022174,0.991230417748256,0.991230417748256
"HOXC13",0.616209909477631,0.281810784145222,0.572547193645411,0.991230417748256,0.991230417748256
"HRAS",0.272841817311775,0.70899648197127,0.731079201654322,0.991230417748256,0.991230417748256
"HSP90AA1",0.919797574497925,0.0575322318232434,0.484296355443548,0.991230417748256,0.991230417748256
"ID3",-0.345558846904776,0.66898950820122,0.808258121954987,0.991230417748256,0.991230417748256
"IDH2",0.103754294624376,0.878274687335908,0.677438734700769,0.991230417748256,0.991230417748256
"IKZF3",0.152449292129942,0.825554818536721,0.691674250940107,0.991230417748256,0.991230417748256
"INPPL1",-0.472641745865603,0.355459153651164,0.511488161243966,0.991230417748256,0.991230417748256
"IRF6",0.283129661661251,0.632200132446034,0.591538798812167,0.991230417748256,0.991230417748256
"JAK1",-1.14982979631095,0.165713722150966,0.829537984937965,0.991230417748256,0.991230417748256
"JUN",-0.238986983811609,0.777380764321064,0.845271522182743,0.991230417748256,0.991230417748256
"KAT6B",-0.0114399032067268,0.980804689588519,0.475472465562681,0.991230417748256,0.991230417748256
"KCNJ5",0.666049728517484,0.244529712618215,0.572335898416435,0.991230417748256,0.991230417748256
"KDM5A",0.0514815927126905,0.897927313993646,0.401321742623119,0.991230417748256,0.991230417748256
"KIF5B",-0.298679278214272,0.621401116795719,0.604778490822909,0.991230417748256,0.991230417748256
"KLF5",0.586846308041815,0.373314789869449,0.65916943602365,0.991230417748256,0.991230417748256
"KLF6",-0.319275288076477,0.693525216884979,0.810187891258535,0.991230417748256,0.991230417748256
"KMT2A",-0.274202190304312,0.49382008313138,0.40073649673325,0.991230417748256,0.991230417748256
"KMT2D",0.685637516250369,0.314458639771128,0.681608888006067,0.991230417748256,0.991230417748256
"KNSTRN",-0.320697769258816,0.692129771384107,0.809911448922676,0.991230417748256,0.991230417748256
"KRT222",0.807716612629304,0.254524413068414,0.708878624836902,0.991230417748256,0.991230417748256
"KTN1",0.509084657955325,0.427325888121826,0.641345547610573,0.991230417748256,0.991230417748256
"LARP4B",-0.21456770737003,0.726498142446064,0.61342293845148,0.991230417748256,0.991230417748256
"LASP1",-0.111577773293142,0.899982435570519,0.887767623490224,0.991230417748256,0.991230417748256
"LATS2",-0.91598483097653,0.13862890540032,0.618525768463145,0.991230417748256,0.991230417748256
"LCK",-0.552004966295764,0.480496691224965,0.78242650112813,0.991230417748256,0.991230417748256
"LCP1",-0.447144862520499,0.452860750201685,0.595673507139292,0.991230417748256,0.991230417748256
"LHFP",-0.112689467060342,0.898934100726104,0.887263047628074,0.991230417748256,0.991230417748256
"LMNA",-0.443230886838832,0.466921943556024,0.609255125399476,0.991230417748256,0.991230417748256
"LMO1",0.211806741000741,0.765522586974964,0.710197000692971,0.991230417748256,0.991230417748256
"LMO2",0.88367941291264,0.225613466423152,0.729267296465243,0.991230417748256,0.991230417748256
"LRIG3",-0.172713077491694,0.740809616262653,0.522136616065057,0.991230417748256,0.991230417748256
"MACF1",0.602719553378323,0.28385201753049,0.56239252542292,0.991230417748256,0.991230417748256
"MAF",0.442346068138037,0.537470789323564,0.717346473045296,0.991230417748256,0.991230417748256
"MAML2",-0.134961219871807,0.797275581302059,0.525397300454123,0.991230417748256,0.991230417748256
"MAP2K1",-0.273214936133204,0.739702153064042,0.822322786299698,0.991230417748256,0.991230417748256
"MAX",-0.319473521347784,0.69338069089551,0.810288388867837,0.991230417748256,0.991230417748256
"MDM2",-0.154866723386015,0.803165201166761,0.621323783259343,0.991230417748256,0.991230417748256
"MDM4",-0.319486648573277,0.693132968642818,0.809632552541466,0.991230417748256,0.991230417748256
"MDS2",-0.222694402548582,0.790377421511262,0.837762199854254,0.991230417748256,0.991230417748256
"MEN1",0.196995250443546,0.732988775235702,0.577440431476223,0.991230417748256,0.991230417748256
"MGA",0.540733127535058,0.177640914650572,0.401121173427604,0.991230417748256,0.991230417748256
"MGMT",0.683610386220413,0.315706082935025,0.68134773763465,0.991230417748256,0.991230417748256
"MLLT10",0.0685108162437624,0.901188689387029,0.551795133487347,0.991230417748256,0.991230417748256
"MLLT11",0.595474494239722,0.487040348005971,0.856768418079972,0.991230417748256,0.991230417748256
"MLLT6",0.428756785724804,0.435179204419662,0.549434839871084,0.991230417748256,0.991230417748256
"MPL",0.601712463920456,0.284600838900587,0.562326532164515,0.991230417748256,0.991230417748256
"MTOR",0.201984646660262,0.725543886292631,0.575357684854461,0.991230417748256,0.991230417748256
"MUC6",0.185424239896216,0.670686097249375,0.436080376495675,0.991230417748256,0.991230417748256
"MUTYH",0.739062237982325,0.205704486283509,0.584023983554582,0.991230417748256,0.991230417748256
"MYCL",-0.480500268892393,0.546517876155362,0.796867783480962,0.991230417748256,0.991230417748256
"MYH11",0.221385443368809,0.484013894693393,0.316327573127073,0.991230417748256,0.991230417748256
"MYO5A",0.00913975123464052,0.984730546156464,0.477556126842638,0.991230417748256,0.991230417748256
"MYOD1",-0.518787171808058,0.523637649103681,0.813467177516232,0.991230417748256,0.991230417748256
"NAB2",-0.698308163252424,0.371839906466475,0.781951793149222,0.991230417748256,0.991230417748256
"NACA",0.865449277198755,0.37061992444145,0.966644642882805,0.991230417748256,0.991230417748256
"NBEA",0.490996284572813,0.228181321675146,0.407446543534469,0.991230417748256,0.991230417748256
"NCOR1",0.244346209656542,0.558028127801176,0.417134701396314,0.991230417748256,0.991230417748256
"NCOR2",-0.576028486863567,0.202794858812947,0.452273304518095,0.991230417748256,0.991230417748256
"NF1",0.317811306928641,0.38848959787415,0.368536816915506,0.991230417748256,0.991230417748256
"NFKB2",0.326599910831227,0.533474784259579,0.524481140204851,0.991230417748256,0.991230417748256
"NIN",0.176495162119187,0.670984459419791,0.415480912203007,0.991230417748256,0.991230417748256
"NKX2-1",-0.406220840275809,0.617758194193273,0.814020752454677,0.991230417748256,0.991230417748256
"NOTCH2",-0.287602318926143,0.539075564915491,0.468246380540458,0.991230417748256,0.991230417748256
"NRAS",0.273520583903399,0.708186765624931,0.73076707974385,0.991230417748256,0.991230417748256
"NT5C2",0.440747183838965,0.48142539286074,0.626050801163566,0.991230417748256,0.991230417748256
"NTHL1",-0.699435016890539,0.37116292908412,0.782105839970721,0.991230417748256,0.991230417748256
"NTRK1",-0.270803344308766,0.657491024341932,0.61077055716855,0.991230417748256,0.991230417748256
"NTRK3",0.331915345730493,0.435040154937444,0.425207601398131,0.991230417748256,0.991230417748256
"NUMA1",0.215571875054474,0.615615953364593,0.429363342943816,0.991230417748256,0.991230417748256
"NUP133",0.813522202537333,0.0611149984184863,0.434420074328503,0.991230417748256,0.991230417748256
"NUP93",0.165340021199288,0.771165077879193,0.568469327260042,0.991230417748256,0.991230417748256
"NUP98",0.0784011993268235,0.872080529891927,0.486914549024034,0.991230417748256,0.991230417748256
"NUTM1",0.144595415521258,0.799057978607847,0.56800657920553,0.991230417748256,0.991230417748256
"PAFAH1B2",-0.273618732742447,0.739306942911051,0.822242643385658,0.991230417748256,0.991230417748256
"PAX7",0.665826931337302,0.244770720434663,0.572436792131694,0.991230417748256,0.991230417748256
"PBX1",-0.819332277901128,0.299052198603455,0.788981684482668,0.991230417748256,0.991230417748256
"PDS5B",-0.0402595776517044,0.940146969627,0.536185678288781,0.991230417748256,0.991230417748256
"PER1",-0.445581305739976,0.460151033520362,0.603279728524301,0.991230417748256,0.991230417748256
"PGR",-0.0740281557509276,0.891227396674954,0.541334290450041,0.991230417748256,0.991230417748256
"PICALM",0.350844987869786,0.644341819436717,0.760002253973821,0.991230417748256,0.991230417748256
"PML",-0.0457653332073826,0.96063608308339,0.927261209430084,0.991230417748256,0.991230417748256
"POLE",-0.721071681618503,0.165727117574979,0.52022941615196,0.991230417748256,0.991230417748256
"POLG",-0.10813968127126,0.840037874055889,0.535755966644551,0.991230417748256,0.991230417748256
"POU2AF1",0.0407982336035412,0.951138283801256,0.665795695051489,0.991230417748256,0.991230417748256
"PPFIBP1",-0.0223479744261592,0.972471031246567,0.647592919312799,0.991230417748256,0.991230417748256
"PRCC",-0.384277700592577,0.630183835812444,0.798137381389756,0.991230417748256,0.991230417748256
"PRDM16",0.174414064838188,0.648176548738815,0.382238175526406,0.991230417748256,0.991230417748256
"PRDM2",0.351497355048856,0.643658748330559,0.759847497092398,0.991230417748256,0.991230417748256
"PRF1",0.863989444683543,0.0862428007098653,0.503619799422323,0.991230417748256,0.991230417748256
"PRKCB",0.226763262822826,0.616801921198667,0.45317488759729,0.991230417748256,0.991230417748256
"PRPF40B",0.211068326339437,0.715662678230126,0.579441619401981,0.991230417748256,0.991230417748256
"PRRX1",-0.207056035924245,0.737521673129825,0.617824885245592,0.991230417748256,0.991230417748256
"PTPN11",-0.320704276316126,0.692346850814004,0.810530179000256,0.991230417748256,0.991230417748256
"PTPN6",-0.12334150502914,0.843979032621078,0.626714868227874,0.991230417748256,0.991230417748256
"PTPRB",0.521769619362576,0.110575567161447,0.327002927849118,0.991230417748256,0.991230417748256
"PTPRC",0.277516668408204,0.421939709318562,0.345573756856566,0.991230417748256,0.991230417748256
"RABEP1",-0.698245312472013,0.371923220272317,0.782017644000995,0.991230417748256,0.991230417748256
"RARA",-0.0914946027641083,0.884922476069899,0.632165695006445,0.991230417748256,0.991230417748256
"RB1",0.166008739488383,0.770195646602011,0.568291498863943,0.991230417748256,0.991230417748256
"RBM15",-0.444243203075859,0.584583154976903,0.812586781767043,0.991230417748256,0.991230417748256
"RET",0.0638150663045818,0.896186433453253,0.489078142398699,0.991230417748256,0.991230417748256
"RFWD3",0.0168535198521424,0.979477858495891,0.655179208860972,0.991230417748256,0.991230417748256
"RGS7",-0.399346950446775,0.50413952960347,0.597833100148695,0.991230417748256,0.991230417748256
"RIT1",-0.271385776600295,0.741411372106025,0.822418774350692,0.991230417748256,0.991230417748256
"RMI2",-0.472174059008119,0.569748323848892,0.830674917514868,0.991230417748256,0.991230417748256
"RNF111",0.318035999068448,0.540009189895737,0.518989016288319,0.991230417748256,0.991230417748256
"RPL5",0.350390706559195,0.64464498529807,0.759713729450841,0.991230417748256,0.991230417748256
"RRAS2",-0.0444037331123339,0.961810377778915,0.927359785313371,0.991230417748256,0.991230417748256
"SDHB",0.452679458057143,0.570888051992066,0.798736952576429,0.991230417748256,0.991230417748256
"SDHC",-0.0428175160162241,0.963205534947743,0.92816464527318,0.991230417748256,0.991230417748256
"SETD1B",-0.536909600098646,0.30077889103524,0.518871283261409,0.991230417748256,0.991230417748256
"SETDB1",-0.511651932316722,0.392272815116077,0.598071554201065,0.991230417748256,0.991230417748256
"SF1",-0.535543531282286,0.493542608474132,0.782174865002443,0.991230417748256,0.991230417748256
"SFPQ",-0.815574008091783,0.208698068753308,0.648746575647526,0.991230417748256,0.991230417748256
"SH2B3",0.0269252927731223,0.962340512076653,0.57024927104205,0.991230417748256,0.991230417748256
"SIN3A",0.0376154778900837,0.938301464930772,0.485957496006762,0.991230417748256,0.991230417748256
"SIX1",-0.656050027244153,0.400383348046841,0.780141904833795,0.991230417748256,0.991230417748256
"SKI",-0.582255745111644,0.460563127232996,0.789050068259681,0.991230417748256,0.991230417748256
"SLC45A3",-0.0272082347350896,0.966446263669766,0.646802175648745,0.991230417748256,0.991230417748256
"SMAD3",0.664537872697733,0.245619671209799,0.572357094915746,0.991230417748256,0.991230417748256
"SMARCD1",-0.319798990643756,0.693034286262111,0.810149590828113,0.991230417748256,0.991230417748256
"SMARCE1",-0.319441459737585,0.693291694840847,0.809959405290488,0.991230417748256,0.991230417748256
"SMC3",0.150537787919578,0.791852813390443,0.570423292144601,0.991230417748256,0.991230417748256
"SNX29",0.0986596040502775,0.839611714903021,0.487472318880464,0.991230417748256,0.991230417748256
"SOX21",-0.973109312755703,0.233520638782777,0.8168200155354,0.991230417748256,0.991230417748256
"SPECC1",-0.178252975593426,0.732365061628569,0.521236226618795,0.991230417748256,0.991230417748256
"SPEN",-0.0699487178566401,0.856536365344067,0.386916678071728,0.991230417748256,0.991230417748256
"SPTA1",0.271600632229742,0.273829619813001,0.248198975508406,0.991230417748256,0.991230417748256
"STAT3",0.20279673140088,0.685546454501766,0.500848658494497,0.991230417748256,0.991230417748256
"STAT5B",-0.858957959084742,0.278562056830636,0.792721909420231,0.991230417748256,0.991230417748256
"STAT6",-0.399988064186698,0.503497661735798,0.597892542590076,0.991230417748256,0.991230417748256
"STIL",0.209457665294999,0.680161625536501,0.50809322469205,0.991230417748256,0.991230417748256
"SUFU",0.508090064075973,0.428079554779134,0.641137493103263,0.991230417748256,0.991230417748256
"SUZ12",0.737898696330765,0.206187154860435,0.583725449109103,0.991230417748256,0.991230417748256
"TAF15",1.49601442763839,0.0649176266409675,0.81048553798899,0.991230417748256,0.991230417748256
"TAL1",0.0895637898523053,0.899921627587655,0.712178273300096,0.991230417748256,0.991230417748256
"TBX3",0.685843558923642,0.0880881814444444,0.402119869573901,0.991230417748256,0.991230417748256
"TCF12",0.806085940845959,0.255484254647154,0.708878023702025,0.991230417748256,0.991230417748256
"TCL1A",-0.131813764604362,0.880724688817655,0.878462056930531,0.991230417748256,0.991230417748256
"TET1",0.165358923176073,0.644599906246129,0.358480770205358,0.991230417748256,0.991230417748256
"THRAP3",-0.437192390628098,0.581511410135338,0.793195849251409,0.991230417748256,0.991230417748256
"TLX1",-0.409696658076696,0.608715522050407,0.800332870048096,0.991230417748256,0.991230417748256
"TNFRSF14",0.683126299870968,0.315853007262597,0.681071997270059,0.991230417748256,0.991230417748256
"TNFRSF17",0.0574744553781848,0.931142543888026,0.665156434053582,0.991230417748256,0.991230417748256
"TPM3",-0.655921473521776,0.400206031883781,0.779695548214699,0.991230417748256,0.991230417748256
"TPR",-0.105713093762426,0.811804370334376,0.443988123076046,0.991230417748256,0.991230417748256
"TRAF3",-0.738106087256733,0.346198472459726,0.783561585654597,0.991230417748256,0.991230417748256
"TRAF7",0.283497453686559,0.631783296642805,0.5915830431971,0.991230417748256,0.991230417748256
"TRIM33",-0.323157566665111,0.591693072477124,0.602474098373694,0.991230417748256,0.991230417748256
"TSC2",-0.014786379080098,0.978130002242841,0.53938487822491,0.991230417748256,0.991230417748256
"TSHR",0.231410693112949,0.646603910839602,0.504728845418472,0.991230417748256,0.991230417748256
"TXNIP",0.05722905006066,0.931455666664844,0.665349442275328,0.991230417748256,0.991230417748256
"USP44",0.13162971581651,0.814890418789561,0.562227495770019,0.991230417748256,0.991230417748256
"USP6",-0.0403615343455969,0.939993725122173,0.53616819028685,0.991230417748256,0.991230417748256
"USP8",-0.642374455364336,0.412236239597539,0.783417221665953,0.991230417748256,0.991230417748256
"VTI1A",-0.272433944936581,0.740378757676238,0.822189387106243,0.991230417748256,0.991230417748256
"WIF1",0.0181628396782274,0.977880414517242,0.655075241657915,0.991230417748256,0.991230417748256
"WT1",-0.213482159489911,0.727804683016257,0.613371163218769,0.991230417748256,0.991230417748256
"YWHAE",0.153663568954672,0.824267136531785,0.691991056523727,0.991230417748256,0.991230417748256
"ZBTB16",-0.270795240769108,0.655612035316625,0.607192090601461,0.991230417748256,0.991230417748256
"ZBTB7B",-0.229951484894042,0.707117715874603,0.612012757741214,0.991230417748256,0.991230417748256
"ZC3H12A",-0.297897745051127,0.622734351005152,0.60550934833032,0.991230417748256,0.991230417748256
"ZCCHC8",0.981131687437385,0.0706261391299223,0.542699202423579,0.991230417748256,0.991230417748256
"ZEB1",0.353897779014724,0.371605274678403,0.396093421721506,0.991230417748256,0.991230417748256
"ZFHX3",0.429552377886252,0.227556693231962,0.355979687147093,0.991230417748256,0.991230417748256
"ZMYM2",-0.937132427978078,0.241685148941566,0.800430744439961,0.991230417748256,0.991230417748256
"ZNF384",0.153126096299296,0.824787564060996,0.69165281983898,0.991230417748256,0.991230417748256
"GATA3",0.003613754209424,0.994681898503394,0.542174184293841,0.99518719612638,0.99518719612638
"TRIP11",0.0024430895672053,0.99518719612638,0.405022036365228,0.99518719612638,0.99518719612638
